title;price;old_price;link;img
Tommy Hilfiger - Baseball Logo Tee. Color Sky Captain.;$16.31;$39.50;https://www.6pm.com/p/tommy-hilfiger-baseball-logo-tee-sky-captain/product/9670397/color/444168;https://m.media-amazon.com/images/I/81EYCc-8sIL._AC_SR255,340_.jpg
Tommy Hilfiger - Short Sleeve V-Neck Tee Stripe. Color Rosette.;$14.25;$24.50;https://www.6pm.com/p/tommy-hilfiger-short-sleeve-v-neck-tee-stripe-rosette/product/9805358/color/238450;https://m.media-amazon.com/images/I/81YyOJA7OFL._AC_SR255,340_.jpg
U.S. POLO ASSN. - Piped Shorts. Color Malibu Wash.;$19.80;$44.00;https://www.6pm.com/p/u-s-polo-assn-piped-shorts-malibu-wash/product/9791357/color/259493;https://m.media-amazon.com/images/I/71vbgJM8UIL._AC_SR255,340_.jpg
Tommy Hilfiger - Popover with Drawstring. Color Bright White.;$41.70;$69.50;https://www.6pm.com/p/tommy-hilfiger-popover-with-drawstring-bright-white/product/9691642/color/43247;https://m.media-amazon.com/images/I/71bFc+0NQoL._AC_SR255,340_.jpg
Tommy Jeans - Smock Waist Zip Hoodie. Color Stone Grey Heather.;$47.40;$79.00;https://www.6pm.com/p/tommy-jeans-smock-waist-zip-hoodie-stone-grey-heather/product/9796458/color/258251;https://m.media-amazon.com/images/I/81q9tahtDEL._AC_SR255,340_.jpg
Tommy Jeans - Smock Waist Zip Hoodie. Color Sky Captain.;$47.40;$79.00;https://www.6pm.com/p/tommy-jeans-smock-waist-zip-hoodie-sky-captain/product/9796458/color/444168;https://m.media-amazon.com/images/I/81vV0wtunHL._AC_SR255,340_.jpg
"Signature by Levi Strauss & Co. Gold Label - Heritage High-Rise 5"" Shorts. Color Ace Den.";$17.27;$21.99;https://www.6pm.com/p/signature-by-levi-strauss-co-gold-label-heritage-high-rise-5-shorts-ace-den/product/9710763/color/985031;https://m.media-amazon.com/images/I/71oHDwffpLL._AC_SR255,340_.jpg
Tommy Hilfiger - Geometric Jersey Shirtdress. Color Navy/White.;$45.15;$129.00;https://www.6pm.com/p/tommy-hilfiger-geometric-jersey-shirtdress-navy-white/product/9626105/color/513;https://m.media-amazon.com/images/I/81w3BXcUdyL._AC_SR255,340_.jpg
"Signature by Levi Strauss & Co. Gold Label - Heritage High-Rise 5"" Shorts. Color Alpine Lake.";$17.27;$21.99;https://www.6pm.com/p/signature-by-levi-strauss-co-gold-label-heritage-high-rise-5-shorts-alpine-lake/product/9710763/color/411109;https://m.media-amazon.com/images/I/71DbmwDRsGL._AC_SR255,340_.jpg
U.S. POLO ASSN. - Open Placket Sleeveless Polo Shirt. Color Blue Raft.;$28.00;$40.00;https://www.6pm.com/p/u-s-polo-assn-open-placket-sleeveless-polo-shirt-blue-raft/product/9787485/color/633259;https://m.media-amazon.com/images/I/71EqO4l0jiL._AC_SR255,340_.jpg
U.S. POLO ASSN. - Open Placket Sleeveless Polo Shirt. Color Racing Red.;$28.00;$40.00;https://www.6pm.com/p/u-s-polo-assn-open-placket-sleeveless-polo-shirt-racing-red/product/9787485/color/171551;https://m.media-amazon.com/images/I/71KVsZlIE7L._AC_SR255,340_.jpg
U.S. POLO ASSN. - Open Placket Sleeveless Polo Shirt. Color White.;$28.00;$40.00;https://www.6pm.com/p/u-s-polo-assn-open-placket-sleeveless-polo-shirt-white/product/9787485/color/14;https://m.media-amazon.com/images/I/71wGozkHe7L._AC_SR255,340_.jpg
U.S. POLO ASSN. - Sleeveless Polo Shirt. Color Gloaming Orange.;$28.00;$40.00;https://www.6pm.com/p/u-s-polo-assn-sleeveless-polo-shirt-gloaming-orange/product/9787483/color/946963;https://m.media-amazon.com/images/I/71BWryt44kL._AC_SR255,340_.jpg
Tommy Hilfiger - Ombre Flag Tee. Color Scarlet.;$17.78;$39.50;https://www.6pm.com/p/tommy-hilfiger-ombre-flag-tee-scarlet/product/9618250/color/4774;https://m.media-amazon.com/images/I/71KivFIDx7L._AC_SR255,340_.jpg
Tommy Hilfiger - Short Sleeve V-Neck Tee Stripe. Color Crimson Multi.;$14.25;$24.50;https://www.6pm.com/p/tommy-hilfiger-short-sleeve-v-neck-tee-stripe-crimson-multi/product/9576895/color/172793;https://m.media-amazon.com/images/I/71fzXnJNraL._AC_SR255,340_.jpg
Tommy Hilfiger - Short Sleeve Stripe Polo. Color Sky Captain/Bright White/Scarlet.;$26.70;$44.50;https://www.6pm.com/p/tommy-hilfiger-short-sleeve-stripe-polo-sky-captain-bright-white-scarlet/product/9576896/color/933286;https://m.media-amazon.com/images/I/712cS+zMQVL._AC_SR255,340_.jpg
Tommy Hilfiger - Short Sleeve V-Neck Tee. Color Plymouth Posy/French Blue Multi.;$16.80;$24.50;https://www.6pm.com/p/tommy-hilfiger-short-sleeve-v-neck-tee-plymouth-posy-french-blue-multi/product/9576894/color/933288;https://m.media-amazon.com/images/I/81XlVwR5lUL._AC_SR255,340_.jpg
Tommy Hilfiger - Space Dye Ivy Sweater. Color Iconic Multi.;$32.73;$59.50;https://www.6pm.com/p/tommy-hilfiger-space-dye-ivy-sweater-iconic-multi/product/9576935/color/883860;https://m.media-amazon.com/images/I/81cEpD9rKvL._AC_SR255,340_.jpg
London Times - Ruffle Collar Halter Maxi. Color Navy.;$59.00;$118.00;https://www.6pm.com/p/london-times-ruffle-collar-halter-maxi-navy/product/9721650/color/9;https://m.media-amazon.com/images/I/61GbVwPy+RL._AC_SR255,340_.jpg
Tommy Hilfiger - Ruffle Sleeve Popover. Color Sky Captain.;$31.28;$69.50;https://www.6pm.com/p/tommy-hilfiger-ruffle-sleeve-popover-sky-captain/product/9691623/color/444168;https://m.media-amazon.com/images/I/71aGOdtPN5L._AC_SR255,340_.jpg
U.S. POLO ASSN. - Neon Logos Short Sleeve Polo Shirt. Color Calypso Coral.;$26.60;$38.00;https://www.6pm.com/p/u-s-polo-assn-neon-logos-short-sleeve-polo-shirt-calypso-coral/product/8688961/color/39077;https://m.media-amazon.com/images/I/71Sx43zbAJL._AC_SR255,340_.jpg
U.S. POLO ASSN. - Neon Logos Short Sleeve Polo Shirt. Color New Pink.;$26.60;$38.00;https://www.6pm.com/p/u-s-polo-assn-neon-logos-short-sleeve-polo-shirt-new-pink/product/8688961/color/19868;https://m.media-amazon.com/images/I/71of4XlyClL._AC_SR255,340_.jpg
U.S. POLO ASSN. - Neon Logos Short Sleeve Polo Shirt. Color Scuba Blue.;$26.60;$38.00;https://www.6pm.com/p/u-s-polo-assn-neon-logos-short-sleeve-polo-shirt-scuba-blue/product/8688961/color/66045;https://m.media-amazon.com/images/I/71iD60kYyHL._AC_SR255,340_.jpg
"Madewell - Plus Size 10"" High-Rise Skinny Crop Jeans in Sheffield Wash. Color Sheffield Wash.";$60.75;$135.00;https://www.6pm.com/p/madewell-plus-size-10-high-rise-skinny-crop-jeans-in-sheffield-wash-sheffield-wash/product/9809455/color/918413;https://m.media-amazon.com/images/I/81u9uGY0wrL._AC_SR255,340_.jpg
Madewell - Pointelle Tie Neck Tunic Top. Color Castle Rock.;$27.36;$59.50;https://www.6pm.com/p/madewell-pointelle-tie-neck-tunic-top-castle-rock/product/9810384/color/112448;https://m.media-amazon.com/images/I/81uS--lJVIL._AC_SR255,340_.jpg
Madewell - Whisper Cotton Rib Crew Neck Ringer Tee. Color Forest.;$16.47;$24.50;https://www.6pm.com/p/madewell-whisper-cotton-rib-crew-neck-ringer-tee-forest/product/9810385/color/365;https://m.media-amazon.com/images/I/81MeN+FBFBL._AC_SR255,340_.jpg
Tommy Hilfiger - Solid Short Sleeve Polo. Color Black.;$23.04;$44.50;https://www.6pm.com/p/tommy-hilfiger-solid-short-sleeve-polo-black/product/9496896/color/3;https://m.media-amazon.com/images/I/719JCAId0mL._AC_SR255,340_.jpg
Madewell - Textural Knit Crop Tank. Color Weathered Brick.;$25.29;$49.50;https://www.6pm.com/p/madewell-textural-knit-crop-tank-weathered-brick/product/9809447/color/924480;https://m.media-amazon.com/images/I/811kcqEbaUL._AC_SR255,340_.jpg
Madewell - Tank Bodysuit. Color Lighthouse.;$21.73;$39.50;https://www.6pm.com/p/madewell-tank-bodysuit-lighthouse/product/9809449/color/296577;https://m.media-amazon.com/images/I/81WczVpSxaL._AC_SR255,340_.jpg
U.S. POLO ASSN. - Long Sleeve Solid Stretch Oxford Woven Shirt. Color Scuba Blue.;$21.60;$48.00;https://www.6pm.com/p/u-s-polo-assn-long-sleeve-solid-stretch-oxford-woven-shirt-scuba-blue/product/9787473/color/66045;https://m.media-amazon.com/images/I/81qtku1VzPL._AC_SR255,340_.jpg
Madewell - Baggy Straight Jeans in Earlhurst Wash. Color Earlhurst Wash.;$53.90;$98.00;https://www.6pm.com/p/madewell-baggy-straight-jeans-in-earlhurst-wash-earlhurst-wash/product/9809454/color/1022583;https://m.media-amazon.com/images/I/81Ovds+rw-L._AC_SR255,340_.jpg
Madewell - Plush Ribbed Square Neck Smocked Top. Color True Black.;$35.78;$79.50;https://www.6pm.com/p/madewell-plush-ribbed-square-neck-smocked-top-true-black/product/9810383/color/93164;https://m.media-amazon.com/images/I/81sqzrQYrIL._AC_SR255,340_.jpg
Madewell - Gingham Seersucker Button Shoulder Top. Color Faded Lavender.;$35.35;$50.50;https://www.6pm.com/p/madewell-gingham-seersucker-button-shoulder-top-faded-lavender/product/9810389/color/304610;https://m.media-amazon.com/images/I/81IEXkv--tL._AC_SR255,340_.jpg
U.S. POLO ASSN. - Dot Yoke Skirt Dress. Color Easy Turquoise.;$37.80;$54.00;https://www.6pm.com/p/u-s-polo-assn-dot-yoke-skirt-dress-easy-turquoise/product/9787426/color/954674;https://m.media-amazon.com/images/I/71zhRHj3riL._AC_SR255,340_.jpg
U.S. POLO ASSN. - Dot Print Polo Shirt. Color Light Heather Grey.;$17.10;$38.00;https://www.6pm.com/p/u-s-polo-assn-dot-print-polo-shirt-light-heather-grey/product/9359938/color/120038;https://m.media-amazon.com/images/I/81nKinK8ylL._AC_SR255,340_.jpg
U.S. POLO ASSN. - Dot Print Polo Shirt. Color Paradise Mint.;$20.90;$38.00;https://www.6pm.com/p/u-s-polo-assn-dot-print-polo-shirt-paradise-mint/product/9359938/color/945259;https://m.media-amazon.com/images/I/71g5ryiDlvL._AC_SR255,340_.jpg
U.S. POLO ASSN. - Dot Print Polo Shirt. Color Rose Sachet.;$17.10;$38.00;https://www.6pm.com/p/u-s-polo-assn-dot-print-polo-shirt-rose-sachet/product/9359938/color/945257;https://m.media-amazon.com/images/I/71Bx6cNBG3L._AC_SR255,340_.jpg
U.S. POLO ASSN. - Neon Logos Short Sleeve Polo Shirt. Color Blue Raft.;$26.60;$38.00;https://www.6pm.com/p/u-s-polo-assn-neon-logos-short-sleeve-polo-shirt-blue-raft/product/8688961/color/633259;https://m.media-amazon.com/images/I/81CfcGcwjrL._AC_SR255,340_.jpg
U.S. POLO ASSN. - Neon Logos Short Sleeve Polo Shirt. Color Light Grey Heather.;$17.10;$38.00;https://www.6pm.com/p/u-s-polo-assn-neon-logos-short-sleeve-polo-shirt-light-grey-heather/product/8688961/color/29080;https://m.media-amazon.com/images/I/811S7CPiAZL._AC_SR255,340_.jpg
Columbia - Plus Size Trek™ Capris. Color Wild Fuchsia.;$35.15;$60.00;https://www.6pm.com/p/columbia-plus-size-trek-capris-wild-fuchsia/product/9613221/color/168141;https://m.media-amazon.com/images/I/61S5yXl6sGL._AC_SR255,340_.jpg
Madewell - Seersucker Button Shoulder Top. Color Vintage Quartz. Low Stock.;$27.79;$49.50;https://www.6pm.com/p/madewell-seersucker-button-shoulder-top-vintage-quartz/product/9810387/color/741965;https://m.media-amazon.com/images/I/8172inb0APL._AC_SR255,340_.jpg
Madewell - Luxe Long Sleeve Tee in Falon Stripe. Color Juniper Berry.;$31.52;$65.00;https://www.6pm.com/p/madewell-luxe-long-sleeve-tee-in-falon-stripe-juniper-berry/product/9810390/color/332588;https://m.media-amazon.com/images/I/81fJQSJYisL._AC_SR255,340_.jpg
U.S. POLO ASSN. - USPA Metallic Print Polo. Color Anthracite.;$26.00;$40.00;https://www.6pm.com/p/u-s-polo-assn-uspa-metallic-print-polo-anthracite/product/9359936/color/1212;https://m.media-amazon.com/images/I/61crt14UcSL._AC_SR255,340_.jpg
Bobeau - Maxi Skirt w/ Godets. Color Picante Floral.;$27.00;$60.00;https://www.6pm.com/p/bobeau-maxi-skirt-w-godets-picante-floral/product/9814064/color/1023697;https://m.media-amazon.com/images/I/81oWA60M-tL._AC_SR255,340_.jpg
Tommy Hilfiger - Sleeveless Shirt with Lace Trim. Color Bright White.;$35.70;$59.50;https://www.6pm.com/p/tommy-hilfiger-sleeveless-shirt-with-lace-trim-bright-white/product/9691650/color/43247;https://m.media-amazon.com/images/I/71IC1fb0tBL._AC_SR255,340_.jpg
Bobeau - Caty Button-Up Pullover. Color Blue Ditsy.;$23.40;$52.00;https://www.6pm.com/p/bobeau-caty-button-up-pullover-blue-ditsy/product/9814056/color/209807;https://m.media-amazon.com/images/I/81ieEIPDbHL._AC_SR255,340_.jpg
Tommy Hilfiger - Patch Maxi Halter Dress. Color Blue Sky Combo.;$60.23;$109.50;https://www.6pm.com/p/tommy-hilfiger-patch-maxi-halter-dress-blue-sky-combo/product/9691579/color/976674;https://m.media-amazon.com/images/I/819qIiP9JQL._AC_SR255,340_.jpg
U.S. POLO ASSN. - USPA Metallic Print Polo. Color Easy Turquoise.;$26.00;$40.00;https://www.6pm.com/p/u-s-polo-assn-uspa-metallic-print-polo-easy-turquoise/product/9359936/color/954674;https://m.media-amazon.com/images/I/71adXE-i4nL._AC_SR255,340_.jpg
Bobeau - Caty Button-Up Pullover. Color Navy Dot.;$23.40;$52.00;https://www.6pm.com/p/bobeau-caty-button-up-pullover-navy-dot/product/9814056/color/94796;https://m.media-amazon.com/images/I/815XVdNWcjL._AC_SR255,340_.jpg
Bebe - Logo Jeans Jacket. Color White.;$44.50;$89.00;https://www.6pm.com/p/bebe-logo-jeans-jacket-white/product/9694917/color/14;https://m.media-amazon.com/images/I/816y19835bL._AC_SR255,340_.jpg
Bebe - Tie Front Elastic Waist Jumpsuit. Color Black.;$70.95;$129.00;https://www.6pm.com/p/bebe-tie-front-elastic-waist-jumpsuit-black/product/9800157/color/3;https://m.media-amazon.com/images/I/61r8pTkDRYL._AC_SR255,340_.jpg
Bobeau - Button-Down Blouse w/ Ruffle Neck. Color Light Pink/Rose.;$28.80;$64.00;https://www.6pm.com/p/bobeau-button-down-blouse-w-ruffle-neck-light-pink-rose/product/9734001/color/398272;https://m.media-amazon.com/images/I/81vkfBRa+rL._AC_SR255,340_.jpg
Bobeau - Caty Button-Up Pullover. Color Tango Red/Ivory.;$20.80;$52.00;https://www.6pm.com/p/bobeau-caty-button-up-pullover-tango-red-ivory/product/9814056/color/777581;https://m.media-amazon.com/images/I/91cknED+cHL._AC_SR255,340_.jpg
Bobeau - Button-Down Blouse w/ Ruffle Neck. Color Navy/Multi.;$25.60;$64.00;https://www.6pm.com/p/bobeau-button-down-blouse-w-ruffle-neck-navy-multi/product/9734001/color/33155;https://m.media-amazon.com/images/I/815coC2xOTL._AC_SR255,340_.jpg
Bobeau - Button-Down Blouse w/ Ruffle Neck. Color Red Floral.;$28.80;$64.00;https://www.6pm.com/p/bobeau-button-down-blouse-w-ruffle-neck-red-floral/product/9734001/color/72889;https://m.media-amazon.com/images/I/91uu7EtI1DL._AC_SR255,340_.jpg
U.S. POLO ASSN. - V-Neck Neon Trim Tee. Color Optic White 1.;$13.50;$30.00;https://www.6pm.com/p/u-s-polo-assn-v-neck-neon-trim-tee-optic-white-1/product/9359882/color/498505;https://m.media-amazon.com/images/I/713n08-9ujL._AC_SR255,340_.jpg
Bebe - Evening Maxi Dress. Color Black.;$90.30;$129.00;https://www.6pm.com/p/bebe-evening-maxi-dress-black/product/9800118/color/3;https://m.media-amazon.com/images/I/61KkCoYfIeL._AC_SR255,340_.jpg
Bebe - Printed Smocked Ruffle Mini Dress. Color Blush/Multi.;$83.30;$119.00;https://www.6pm.com/p/bebe-printed-smocked-ruffle-mini-dress-blush-multi/product/9800146/color/539703;https://m.media-amazon.com/images/I/8178IVxMZlL._AC_SR255,340_.jpg
Bebe - Evening Maxi Dress. Color Blush.;$90.30;$129.00;https://www.6pm.com/p/bebe-evening-maxi-dress-blush/product/9800118/color/5249;https://m.media-amazon.com/images/I/51hfLmQfKxL._AC_SR255,340_.jpg
Bebe - Cold-Shoulder Ruffle Maxi Dress. Color Amber.;$104.30;$149.00;https://www.6pm.com/p/bebe-cold-shoulder-ruffle-maxi-dress-amber/product/9800135/color/1912;https://m.media-amazon.com/images/I/61ya--0brgL._AC_SR255,340_.jpg
Bebe - Tie Front Elastic Waist Jumpsuit. Color Coral.;$70.95;$129.00;https://www.6pm.com/p/bebe-tie-front-elastic-waist-jumpsuit-coral/product/9800157/color/2957;https://m.media-amazon.com/images/I/61QTRxfs4lL._AC_SR255,340_.jpg
Madewell - Northside Vintage Tee in Oxley Stripe. Color Antique Cream.;$40.09;$65.00;https://www.6pm.com/p/madewell-northside-vintage-tee-in-oxley-stripe-antique-cream/product/9810391/color/210593;https://m.media-amazon.com/images/I/61Ly8q07KbL._AC_SR255,340_.jpg
U.S. POLO ASSN. - USPA Metallic Print Polo. Color Gloaming Orange.;$18.00;$40.00;https://www.6pm.com/p/u-s-polo-assn-uspa-metallic-print-polo-gloaming-orange/product/9359936/color/946963;https://m.media-amazon.com/images/I/71hZCuwEUYL._AC_SR255,340_.jpg
U.S. POLO ASSN. - V-Neck Neon Trim Tee. Color Calypso Coral.;$13.50;$30.00;https://www.6pm.com/p/u-s-polo-assn-v-neck-neon-trim-tee-calypso-coral/product/9359882/color/39077;https://m.media-amazon.com/images/I/718mDBfAIML._AC_SR255,340_.jpg
U.S. POLO ASSN. - USPA Metallic Print Polo. Color Open Air Blue.;$18.00;$40.00;https://www.6pm.com/p/u-s-polo-assn-uspa-metallic-print-polo-open-air-blue/product/9359936/color/945254;https://m.media-amazon.com/images/I/61RsrfWOnWL._AC_SR255,340_.jpg
U.S. POLO ASSN. - USPA Metallic Print Polo. Color Racing Red.;$18.00;$40.00;https://www.6pm.com/p/u-s-polo-assn-uspa-metallic-print-polo-racing-red/product/9359936/color/171551;https://m.media-amazon.com/images/I/81c49yXRImL._AC_SR255,340_.jpg
U.S. POLO ASSN. - Yoke Skirt Dress. Color Blue Raft.;$37.80;$54.00;https://www.6pm.com/p/u-s-polo-assn-yoke-skirt-dress-blue-raft/product/9787460/color/633259;https://m.media-amazon.com/images/I/71eKyVlgltL._AC_SR255,340_.jpg
U.S. POLO ASSN. - Tie Front Camp Shirt. Color Malibu Wash.;$33.60;$48.00;https://www.6pm.com/p/u-s-polo-assn-tie-front-camp-shirt-malibu-wash/product/9787474/color/259493;https://m.media-amazon.com/images/I/81epsQQO3YL._AC_SR255,340_.jpg
U.S. POLO ASSN. - Relaxed Joggers Knit Denim in Davenport Wash. Color Davenport Wash.;$35.00;$50.00;https://www.6pm.com/p/u-s-polo-assn-relaxed-joggers-knit-denim-in-davenport-wash-davenport-wash/product/9791306/color/1017663;https://m.media-amazon.com/images/I/81gOboY0BzL._AC_SR255,340_.jpg
London Times - V-Neck Sleeveless Empire Flare Midi Dress. Color Green.;$41.30;$118.00;https://www.6pm.com/p/london-times-v-neck-sleeveless-empire-flare-midi-dress-green/product/9722500/color/396;https://m.media-amazon.com/images/I/71bBnuCZ22L._AC_SR255,340_.jpg
Tommy Hilfiger - Stripe Wrap Dress. Color Amsterdam Blue.;$71.70;$119.50;https://www.6pm.com/p/tommy-hilfiger-stripe-wrap-dress-amsterdam-blue/product/9691581/color/976675;https://m.media-amazon.com/images/I/81hrcSQKauL._AC_SR255,340_.jpg
Juicy Couture Sport - Wildcat Leggings. Color Juicy Black.;$24.75;$45.00;https://www.6pm.com/p/juicy-couture-sport-wildcat-leggings-juicy-black/product/9565101/color/917536;https://m.media-amazon.com/images/I/71Nbq5-+ncL._AC_SR255,340_.jpg
Tommy Hilfiger - Ruffle Sleeve Popover. Color Bright White.;$38.23;$69.50;https://www.6pm.com/p/tommy-hilfiger-ruffle-sleeve-popover-bright-white/product/9691623/color/43247;https://m.media-amazon.com/images/I/71QcSILVR-L._AC_SR255,340_.jpg
London Times - Scoop Neck Tie Waist Shirttail Stripe Dress. Color Black.;$41.30;$118.00;https://www.6pm.com/p/london-times-scoop-neck-tie-waist-shirttail-stripe-dress-black/product/9722498/color/3;https://m.media-amazon.com/images/I/71A0MR1VZlL._AC_SR255,340_.jpg
London Times - V-Neck Sleeveless Empire Flare Midi Dress. Color Denim.;$53.10;$118.00;https://www.6pm.com/p/london-times-v-neck-sleeveless-empire-flare-midi-dress-denim/product/9722500/color/346;https://m.media-amazon.com/images/I/71MAmLt9F7L._AC_SR255,340_.jpg
U.S. POLO ASSN. - Dot Print Polo Shirt. Color Peach Nectar.;$20.90;$38.00;https://www.6pm.com/p/u-s-polo-assn-dot-print-polo-shirt-peach-nectar/product/9359938/color/275343;https://m.media-amazon.com/images/I/71SDSAMJWxL._AC_SR255,340_.jpg
U.S. POLO ASSN. - Neon Logos Short Sleeve Polo Shirt. Color Lemon Tonic.;$17.10;$38.00;https://www.6pm.com/p/u-s-polo-assn-neon-logos-short-sleeve-polo-shirt-lemon-tonic/product/8688961/color/470828;https://m.media-amazon.com/images/I/71MVTeDlgoL._AC_SR255,340_.jpg
Columbia - Plus Size Glacial™ IV 1/2 Zip. Color Icy Morn.;$34.99;$50.00;https://www.6pm.com/p/columbia-plus-size-glacial-iv-1-2-zip-icy-morn/product/9613328/color/257725;https://m.media-amazon.com/images/I/71B0RkESocL._AC_SR255,340_.jpg
Tommy Jeans - Fuse Logo Bandeau. Color Mellow Yellow.;$15.87;$39.00;https://www.6pm.com/p/tommy-jeans-fuse-logo-bandeau-mellow-yellow/product/9686387/color/134620;https://m.media-amazon.com/images/I/71UxdxwFvJL._AC_SR255,340_.jpg
Juicy Couture Sport - Wildcat Leggings. Color Green Envy.;$20.25;$45.00;https://www.6pm.com/p/juicy-couture-sport-wildcat-leggings-green-envy/product/9565101/color/231186;https://m.media-amazon.com/images/I/71FsGF3R5fL._AC_SR255,340_.jpg
Juicy Couture Sport - Wildcat Logo Leggings. Color Juicy Black.;$20.25;$45.00;https://www.6pm.com/p/juicy-couture-sport-wildcat-logo-leggings-juicy-black/product/9565102/color/917536;https://m.media-amazon.com/images/I/6139nWqrhPL._AC_SR255,340_.jpg
Tommy Hilfiger - Floral Ruffle Shorts. Color Rosette Multi.;$21.62;$59.50;https://www.6pm.com/p/tommy-hilfiger-floral-ruffle-shorts-rosette-multi/product/9691565/color/906910;https://m.media-amazon.com/images/I/71Q8jIZa2hL._AC_SR255,340_.jpg
Tommy Hilfiger - Floral Ruffle Shorts. Color Oasis Combo.;$21.62;$59.50;https://www.6pm.com/p/tommy-hilfiger-floral-ruffle-shorts-oasis-combo/product/9691565/color/976673;https://m.media-amazon.com/images/I/715bSQY7N+L._AC_SR255,340_.jpg
Tommy Hilfiger - Hampton Chino Pants. Color White. Low Stock.;$38.70;$64.50;https://www.6pm.com/p/tommy-hilfiger-hampton-chino-pants-white/product/9673760/color/14;https://m.media-amazon.com/images/I/611RgyZzgML._AC_SR255,340_.jpg
Tommy Hilfiger - Hampton Chino Pants. Color Navy. Low Stock.;$34.99;$64.50;https://www.6pm.com/p/tommy-hilfiger-hampton-chino-pants-navy/product/9673760/color/9;https://m.media-amazon.com/images/I/61qTvCvpG6L._AC_SR255,340_.jpg
Tommy Hilfiger - Hampton Chino Pants. Color Black. ;$64.50;;https://www.6pm.com/p/tommy-hilfiger-hampton-chino-pants-black/product/9673760/color/3;https://m.media-amazon.com/images/I/61CBQKRCelL._AC_SR255,340_.jpg
U.S. POLO ASSN. - Dot Print Polo Shirt. Color Easy Turquoise.;$20.90;$38.00;https://www.6pm.com/p/u-s-polo-assn-dot-print-polo-shirt-easy-turquoise/product/9359938/color/954674;https://m.media-amazon.com/images/I/71GrKUyLq6L._AC_SR255,340_.jpg
"U.S. POLO ASSN. - 4 1/2"" Mid-Rise Stretch Denim Shorts in Dark Enzyme Wash. Color Dark Enzyme Wash.";$24.20;$44.00;https://www.6pm.com/p/u-s-polo-assn-4-1-2-mid-rise-stretch-denim-shorts-in-dark-enzyme-wash-dark-enzyme-wash/product/9791327/color/339699;https://m.media-amazon.com/images/I/71I-sRLMllL._AC_SR255,340_.jpg
Tommy Hilfiger - Sleeveless French Terry Dress. Color Indigo Heather.;$41.70;$69.50;https://www.6pm.com/p/tommy-hilfiger-sleeveless-french-terry-dress-indigo-heather/product/9691586/color/125248;https://m.media-amazon.com/images/I/71WWKbe8FLL._AC_SR255,340_.jpg
Tommy Hilfiger - Sleeveless French Terry Dress. Color Sky Captain.;$38.23;$69.50;https://www.6pm.com/p/tommy-hilfiger-sleeveless-french-terry-dress-sky-captain/product/9691586/color/444168;https://m.media-amazon.com/images/I/61Y+ko1sryL._AC_SR255,340_.jpg
Bobeau - Plus Size Crochet Yoke Sleeveless Top. Color Ivory/Red. Low Stock.;$25.20;$56.00;https://www.6pm.com/p/bobeau-plus-size-crochet-yoke-sleeveless-top-ivory-red/product/9786794/color/17614;https://m.media-amazon.com/images/I/81H9BpslzPL._AC_SR255,340_.jpg
Chaser - Rock Roses Recycled Cozy Knit Long Sleeve Raglan Pullover. Color Black.;$27.72;$79.20;https://www.6pm.com/p/chaser-rock-roses-recycled-cozy-knit-long-sleeve-raglan-pullover-black/product/9735093/color/3;https://m.media-amazon.com/images/I/815HOtUBQZL._AC_SR255,340_.jpg
Tommy Hilfiger - Sleeveless French Terry Dress. Color Scarlet.;$24.33;$69.50;https://www.6pm.com/p/tommy-hilfiger-sleeveless-french-terry-dress-scarlet/product/9691586/color/4774;https://m.media-amazon.com/images/I/61u4i0xhHvL._AC_SR255,340_.jpg
Chaser - Rock Roses Recycled Cozy Knit Cuffed Drawstring Joggers. Color Black.;$43.56;$96.80;https://www.6pm.com/p/chaser-rock-roses-recycled-cozy-knit-cuffed-drawstring-joggers-black/product/9736609/color/3;https://m.media-amazon.com/images/I/71VIN9x3xPL._AC_SR255,340_.jpg
Reebok - Training Essentials Pants. Color Black. Low Stock.;$29.25;$45.00;https://www.6pm.com/p/reebok-training-essentials-pants-black/product/9476094/color/3;https://m.media-amazon.com/images/I/61nqaDxYYIL._AC_SR255,340_.jpg
U.S. POLO ASSN. - Dot Print Polo Shirt. Color White.;$20.90;$38.00;https://www.6pm.com/p/u-s-polo-assn-dot-print-polo-shirt-white/product/9359938/color/14;https://m.media-amazon.com/images/I/71Vg2hNiEuL._AC_SR255,340_.jpg
Bobeau - Plus Size Crochet Yoke Sleeveless Top. Color Ivory/Navy.;$20.52;$56.00;https://www.6pm.com/p/bobeau-plus-size-crochet-yoke-sleeveless-top-ivory-navy/product/9786794/color/4993;https://m.media-amazon.com/images/I/817gwFxjJ5L._AC_SR255,340_.jpg
Tommy Hilfiger - Color-Block Zip Polo Dress. Color Sky Captain. Low Stock.;$35.70;$59.50;https://www.6pm.com/p/tommy-hilfiger-color-block-zip-polo-dress-sky-captain/product/9670357/color/444168;https://m.media-amazon.com/images/I/61b98r61+rL._AC_SR255,340_.jpg
Madewell - Ribbed Polo Button Front Tee. Color Distant Ocean.;$34.65;$49.50;https://www.6pm.com/p/madewell-ribbed-polo-button-front-tee-distant-ocean/product/9809448/color/918535;https://m.media-amazon.com/images/I/71DcxWsyTrL._AC_SR255,340_.jpg
Tommy Hilfiger - Rugby Stripe Short Sleeve Polo. Color Warm Combo.;$29.70;$49.50;https://www.6pm.com/p/tommy-hilfiger-rugby-stripe-short-sleeve-polo-warm-combo/product/9691619/color/584755;https://m.media-amazon.com/images/I/71BY9MDl4AL._AC_SR255,340_.jpg
